﻿<?xml version="1.0"?>
<configuration>
	<CnxSettings>
		<XmlSerializableHashtable xmlns:xsd="http://www.w3.org/2001/XMLSchema" xmlns:xsi="http://www.w3.org/2001/XMLSchema-instance">
			<Entries>
				<Entry>
					<key xsi:type="xsd:string">Target</key>
					<value xsi:type="xsd:string">Development</value>
				</Entry>
				<Entry>
					<key xsi:type="xsd:string">02829-NB.BO</key>
					<value xsi:type="xsd:string">data source=(DESCRIPTION=(ADDRESS=(PROTOCOL=TCP)(HOST=srv-orcl-win01.paytrue.com)(PORT=1521))(CONNECT_DATA=(SERVER=DEDICATED)(SERVICE_NAME=ora19c)));User Id=BO;Password=______;</value>
				</Entry>
				<Entry>
					<key xsi:type="xsd:string">02829-NB.AUTHORIZER</key>
					<value xsi:type="xsd:string">data source=(DESCRIPTION=(ADDRESS=(PROTOCOL=TCP)(HOST=srv-orcl-win01.paytrue.com)(PORT=1521))(CONNECT_DATA=(SERVER=DEDICATED)(SERVICE_NAME=ora19c)));User Id=AAS;Password=______;</value>
				</Entry>
				<Entry>
					<key xsi:type="xsd:string">02829-NB.Type</key>
					<value xsi:type="xsd:string">Oracle</value>
				</Entry>
				<Entry>
					<key xsi:type="xsd:string">ROW_AMOUNT</key>
					<value xsi:type="xsd:string">25</value>
				</Entry>
			</Entries>
		</XmlSerializableHashtable>
	</CnxSettings>
</configuration>
